<?xml version="1.0" encoding="UTF-8" ?>
<!DOCTYPE mapper
  PUBLIC "-//mybatis.org//DTD Mapper 3.0//EN"
  "https://mybatis.org/dtd/mybatis-3-mapper.dtd">
<mapper namespace="com.example.demo.mapper.PackageServiceMapper">
	  
 	<insert	id="addPackageService" parameterType="PackageService">
 	insert into packageservice(name,payer,reservation,time,salon,phone) values(#{name},#{payer},#{reservation},#{time},#{salon},#{phone})
 	</insert>
  
  <select id="selectAll" resultType="PackageService"> <!-- 抓全部資料 -->
    
   select * from packageservice
  </select>
  
  <select id="selectById" resultType="PackageService">
  select * from packageservice where id=#{id}
  </select>
  
  <select id="selectByIdRange" resultType="PackageService">
  select * from packageservice where id between #{start} and #{end}
  </select>
  
 <update id="update" parameterType="PackageService">
 	update packageservice set name=#{name},payer=#{payer},reservation=#{reservation},time=#{time},salon=#{salon},phone=#{phone} where id=#{id}
 
 </update>
 
 
 	<delete id="deleteById" parameterType="Integer">
 		delete from PackageService where id=#{id} 
 	
 	</delete>
</mapper>